﻿<?xml version="1.0" encoding="utf-8"?>
<window id="33000">
  <backgroundcolor>0xff323232</backgroundcolor>
  <allowoverlay>no</allowoverlay>
  <depth>2</depth>
  <zorder>2</zorder>
  <coordinates>
    <left>0</left>
    <top>0</top>
  </coordinates>
  <onload>SetProperty(uEPG.timeCount,4,10000)</onload>
  <onload>SetProperty(uEPG.rowCount,8,10000)</onload>
  <onload>SetProperty(uEPG.buttonWidth,7200,10000)</onload>
  <onload>SetProperty(uEPG.textColor,0xFF8C8C8C,10000)</onload>
  <onload>SetProperty(uEPG.disabledColor,0xFF8C8C8C,10000)</onload>
  <onload>SetProperty(uEPG.focusedColor,0xFFFFFFFF,10000)</onload>
  <onload>SetProperty(uEPG.shadowColor,0xFF000000,10000)</onload>
  <onload>SetProperty(uEPG.pastColor,0xFF14abe0,10000)</onload>
  <onload>SetProperty(uEPG.favColor,0xFFE34444,10000)</onload>
  <onload>SetProperty(uEPG.favDefault,0xFF8C8C8C,10000)</onload>
  <onload>SetProperty(uEPG.timeColor,0xFF009CD5,10000)</onload>
  <onload>SetProperty(uEPG.textFont,font10,10000)</onload>
  <onload>SetProperty(uEPGGuide,True,10000)</onload>
  <onunload>SetProperty(uEPGGuide,False,10000)</onunload>  
  <animation effect="fade" start="0" end="100" time="100">WindowOpen</animation>
  <animation effect="fade" start="100" end="0" time="100">WindowClose</animation>
  <controls>
    <control type="grouplist">
      <description>Relative Positioned Controls</description>
      <control type="group">
        <description>Header</description>
        <height>135</height>
        <control type="image">
          <description>Background for Logo</description>
          <height>100%</height>
          <texture>black.png</texture>
        </control>
        <control type="image">
          <description>Logo</description>
          <width>100%</width>
          <aspectratio>center</aspectratio>
          <texture>logo.png</texture>
        </control>
      </control>
      <control type="image">
        <description>Header Divider</description>
        <height>3</height>
        <texture>383838.png</texture>
      </control>
      <control type="group">
        <description>Show Info</description>
        <height>249</height>
        <control type="image">
          <description>Background for Show Info</description>
          <height>100%</height>
          <texture>222222.png</texture>
        </control>
        <control type="grouplist">
          <description>Inner for Show Info</description>
          <orientation>horizontal</orientation>
          <itemgap>20</itemgap>
          <posx>20</posx>
          <posy>20</posy>
          <height>229</height>
          <control type="image">
            <description>Show Info Artwork</description>
            <posx>20</posx>
            <posy>20</posy>
            <width>407</width>
            <height>100%</height>
            <aspectratio>keep</aspectratio>
            <texture>$INFO[Container(40000).ListItem.Art(thumb)]</texture>
          </control>
          <control type="grouplist">
            <description>Show Info Text</description>
            <width>1066</width>
            <height>100%</height>
            <control type="label">
              <description>Show Info Title</description>
              <height>40</height>
              <font>font12</font>
              <textcolor>FFFFFFFF</textcolor>
              <shadowcolor>ff000000</shadowcolor>
              <label>[COLOR=FF0F85A5][B]$INFO[Window(10000).Property(Time),,   ][/B][/COLOR]$INFO[Container(40000).ListItem.Title,,      ][COLOR=FF0F85A5]$INFO[Container(40000).ListItem.genre,Genre: ,][/COLOR]</label>
            </control>
            <control type="label">
              <description>Show Info Description</description>
              <height>100%</height>
              <font>font12</font>
              <textcolor>FFFFFFFF</textcolor>
              <shadowcolor>ff000000</shadowcolor>
              <wrapmultiline>true</wrapmultiline>
              <label>$INFO[Container(40000).ListItem..plot,,]</label>
            </control>
          </control>
          <control type="videowindow">
            <description>VideoWindow</description>
            <width>407</width>
            <height>100%</height>
          </control>
        </control>
      </control>
      <control type="group">
        <description>Current Time Row</description>
        <height>70</height>
        <control type="image">
          <description>Background for Current Time Row</description>
          <height>100%</height>
          <texture>222222.png</texture>
        </control>
        <control type="group">
          <description>Current Time</description>
          <width>480</width>
          <height>50</height>
          <posx>720</posx>
          <posy>20</posy>
          <align>center</align>
          <control type="image">
            <description>Background for Current Time Label</description>
            <width>100%</width>
            <height>100%</height>
            <texture>323232.png</texture>
          </control>
          <control type="label" id="33005">
            <description>Current Time Label</description>
            <width>100%</width>
            <height>100%</height>
            <align>center</align>
            <aligny>center</aligny>
            <font>font10</font>
            <textcolor>FFFFFFFF</textcolor>
          </control>
        </control>
      </control>
      <control type="group">
        <description>Time Bar</description>
        <height>65</height>
        <control type="image">
          <description>Background for Time Bar</description>
          <height>100%</height>
          <texture>222222.png</texture>
        </control>
        <control type="grouplist">
          <description>Inner for Time Bar</description>
          <posy>20</posy>
          <height>45</height>
          <orientation>horizontal</orientation>
          <itemgap>10</itemgap>
          <control type="label">
            <description>Time Bar Padding</description>
            <width>142</width>
          </control>
          <control type="image">
            <description>Time Bar Divider</description>
            <width>2</width>
            <height>100%</height>
            <texture>323232.png</texture>
          </control>
          <control type="label" id="33101">
            <description>Time Bar Label 1</description>
            <width>420</width>
            <height>100%</height>
            <posx>12</posx>
            <align>left</align>
            <aligny>center</aligny>
            <font>font10</font>
            <textcolor>FF999999</textcolor>
          </control>
          <control type="image">
            <description>Time Bar Divider</description>
            <width>2</width>
            <height>100%</height>
            <texture>323232.png</texture>
          </control>
          <control type="label" id="33102">
            <description>Time Bar Label 2</description>
            <width>420</width>
            <height>100%</height>
            <posx>12</posx>
            <align>left</align>
            <aligny>center</aligny>
            <font>font10</font>
            <textcolor>FF999999</textcolor>
          </control>
          <control type="image">
            <description>Time Bar Divider</description>
            <width>2</width>
            <height>100%</height>
            <texture>323232.png</texture>
          </control>
          <control type="label" id="33103">
            <description>Time Bar Label 3</description>
            <width>420</width>
            <height>100%</height>
            <posx>12</posx>
            <align>left</align>
            <aligny>center</aligny>
            <font>font10</font>
            <textcolor>FF999999</textcolor>
          </control>
          <control type="image">
            <description>Time Bar Divider</description>
            <width>2</width>
            <height>100%</height>
            <texture>323232.png</texture>
          </control>
          <control type="label" id="33104">
            <description>Time Bar Label 4</description>
            <width>420</width>
            <height>100%</height>
            <posx>12</posx>
            <align>left</align>
            <aligny>center</aligny>
            <font>font10</font>
            <textcolor>FF999999</textcolor>
          </control>
        </control>
      </control>
      <control type="group">
        <description>Channel Guide</description>
        <control type="group">
          <description>Channel Icons</description>
          <width>152</width>
          <height>558</height>
          <control type="image">
            <description>Background for Channel Icons</description>
            <height>100%</height>
            <texture>1c1c1c.png</texture>
          </control>
          <control type="grouplist">
            <orientation>vertical</orientation>
            <itemgap>2</itemgap>
            <control type="group">
              <description>Channel 1 Icon</description>
              <width>100%</width>
              <height>68</height>
              <align>center</align>
              <aligny>center</aligny>
              <control type="image" id="33411">
                <posy>9</posy>
                <height>50</height>
                <aspectratio>keep</aspectratio>
              </control>
            </control>
            <control type="group">
              <description>Channel 2 Icon</description>
              <width>100%</width>
              <height>68</height>
              <align>center</align>
              <aligny>center</aligny>
              <control type="image" id="33412">
                <posy>9</posy>
                <height>50</height>
                <aspectratio>keep</aspectratio>
              </control>
            </control>
            <control type="group">
              <description>Channel 3 Icon</description>
              <width>100%</width>
              <height>68</height>
              <align>center</align>
              <aligny>center</aligny>
              <control type="image" id="33413">
                <posy>9</posy>
                <height>50</height>
                <aspectratio>keep</aspectratio>
              </control>
            </control>
            <control type="group">
              <description>Channel 4 Icon</description>
              <width>100%</width>
              <height>68</height>
              <align>center</align>
              <aligny>center</aligny>
              <control type="image" id="33414">
                <posy>9</posy>
                <height>50</height>
                <aspectratio>keep</aspectratio>
              </control>
            </control>
            <control type="group">
              <description>Channel 5 Icon</description>
              <width>100%</width>
              <height>68</height>
              <align>center</align>
              <aligny>center</aligny>
              <control type="image" id="33415">
                <posy>9</posy>
                <height>50</height>
                <aspectratio>keep</aspectratio>
              </control>
            </control>
            <control type="group">
              <description>Channel 6 Icon</description>
              <width>100%</width>
              <height>68</height>
              <align>center</align>
              <aligny>center</aligny>
              <control type="image" id="33416">
                <posy>9</posy>
                <height>50</height>
                <aspectratio>keep</aspectratio>
              </control>
            </control>
            <control type="group">
              <description>Channel 7 Icon</description>
              <width>100%</width>
              <height>68</height>
              <align>center</align>
              <aligny>center</aligny>
              <control type="image" id="33417">
                <posy>9</posy>
                <height>50</height>
                <aspectratio>keep</aspectratio>
              </control>
            </control>
            <control type="group">
              <description>Channel 8 Icon</description>
              <width>100%</width>
              <height>68</height>
              <align>center</align>
              <aligny>center</aligny>
              <control type="image" id="33418">
                <posy>9</posy>
                <height>50</height>
                <aspectratio>keep</aspectratio>
              </control>
            </control>
          </control>
        </control>
      </control>
    </control>
    <control type="group">
      <description>Absolute Positioned Controls</description>
      <control type="image" id="33011">
        <description>Timebar Line Past</description>
        <posx>152</posx>
        <posy>520</posy>
        <width>-1</width>
        <height>4</height>
      </control>
      <control type="image" id="33013">
        <description>Timebar Dot</description>
        <posx>152</posx>
        <posy>517</posy>
        <width>10</width>
        <height>10</height>
      </control>
      <control type="group" id="33611">
        <description>Channel 1 Schedule</description>
        <posx>152</posx>
        <posy>522</posy>
        <width>1768</width>
        <height>68</height>
      </control>
      <control type="group" id="33612">
        <description>Channel 2 Schedule</description>
        <posx>152</posx>
        <posy>592</posy>
        <width>1768</width>
        <height>68</height>
      </control>
      <control type="group" id="33613">
        <description>Channel 3 Schedule</description>
        <posx>152</posx>
        <posy>662</posy>
        <width>1768</width>
        <height>68</height>
      </control>
      <control type="group" id="33614">
        <description>Channel 4 Schedule</description>
        <posx>152</posx>
        <posy>732</posy>
        <width>1768</width>
        <height>68</height>
      </control>
      <control type="group" id="33615">
        <description>Channel 5 Schedule</description>
        <posx>152</posx>
        <posy>802</posy>
        <width>1768</width>
        <height>68</height>
      </control>
      <control type="group" id="33616">
      <description>Channel 6 Schedule</description>
        <posx>152</posx>
        <posy>872</posy>
        <width>1768</width>
        <height>68</height>
      </control>
      <control type="group" id="33617">
        <description>Channel 7 Schedule</description>
        <posx>152</posx>
        <posy>942</posy>
        <width>1768</width>
        <height>68</height>
      </control>
      <control type="group" id="33618">
        <description>Channel 8 Schedule</description>
        <posx>152</posx>
        <posy>1012</posy>
        <width>1768</width>
        <height>68</height>
      </control>
    </control>
    <control type="group">
      <description>Unused Controls</description>
      <visible>false</visible>
      <control type="label" id="33511">
        <description>Channel 1 Name</description>
      </control>
      <control type="label" id="33512">
        <description>Channel 2 Name</description>
      </control>
      <control type="label" id="33513">
        <description>Channel 3 Name</description>
      </control>
      <control type="label" id="33514">
        <description>Channel 4 Name</description>
      </control>
      <control type="label" id="33515">
        <description>Channel 5 Name</description>
      </control>
      <control type="label" id="33516">
        <description>Channel 6 Name</description>
      </control>
      <control type="label" id="33517">
        <description>Channel 7 Name</description>
      </control>
      <control type="label" id="33518">
        <description>Channel 8 Name</description>
      </control>
      <control type="label" id="33111">
        <description>Channel 1 Number</description>
      </control>
      <control type="label" id="33112">
        <description>Channel 2 Number</description>
      </control>
      <control type="label" id="33113">
        <description>Channel 3 Number</description>
      </control>
      <control type="label" id="33114">
        <description>Channel 4 Number</description>
      </control>
      <control type="label" id="33115">
        <description>Channel 5 Number</description>
      </control>
      <control type="label" id="33116">
        <description>Channel 6 Number</description>
      </control>
      <control type="label" id="33117">
        <description>Channel 7 Number</description>
      </control>
      <control type="label" id="33118">
        <description>Channel 8 Number</description>
      </control>
      <control type="image" id="33009">
        <description>Optional Channel Focus Highlight</description>
      </control>
      <control type="image" id="33010">
        <description>Optional Channel Playing Highlight</description>
      </control>
      <control type="image" id="33012">
        <description>Timebar Line Future</description>
      </control>
      <control type="label" id="33007">
        <description>Timebar Current Time Button</description>
        <width min="0" max="0">auto</width>
      </control>
    </control>
    <control type="fixedlist" id="40000">
      <itemlayout width="0" height="0">
      </itemlayout>
      <focusedlayout height="0" width="0">
      </focusedlayout>
    </control>
    <control type="fixedlist" id="40001">
      <itemlayout width="0" height="0">
      </itemlayout>
      <focusedlayout height="0" width="0">
      </focusedlayout>
    </control>
  </controls>
</window>
