﻿<?xml version="1.0" encoding="utf-8"?>
<window id="33000">
  <allowoverlay>no</allowoverlay>
  <depth>2</depth>
  <zorder>2</zorder>
  <coordinates>
    <left>0</left>
    <top>0</top>
  </coordinates>
  <onload>SetProperty(uEPG.timeFormat,%25A%2C%20%25B%20%25d%2C%20%25I%3A%25M%20%25p,10000)</onload>
  <onload>SetProperty(uEPG.timeCount,5,10000)</onload>
  <onload>SetProperty(uEPG.buttonWidth,7200,10000)</onload>
  <onload>SetProperty(uEPG.textColor,0xFF8C8C8C,10000)</onload>
  <onload>SetProperty(uEPG.disabledColor,0xFF8C8C8C,10000)</onload>
  <onload>SetProperty(uEPG.focusedColor,0xFFFFFFFF,10000)</onload>
  <onload>SetProperty(uEPG.shadowColor,0xFF000000,10000)</onload>
  <onload>SetProperty(uEPG.pastColor,0xFF009CD5,10000)</onload>
  <onload>SetProperty(uEPG.favColor,0xFFE34444,10000)</onload>
  <onload>SetProperty(uEPG.favDefault,0xFF8C8C8C,10000)</onload>
  <onload>SetProperty(uEPG.timeColor,0xFF009CD5,10000)</onload>
  <onload>SetProperty(uEPG.textFont,font10,10000)</onload>
  <onload>SetProperty(uEPGGuide,True,10000)</onload>
  <onunload>SetProperty(uEPGGuide,False,10000)</onunload>  
  <animation effect="fade" start="0" end="100" time="100">WindowOpen</animation>
  <animation effect="fade" start="100" end="0" time="100">WindowClose</animation>
  <controls> 
      <control type="videowindow">
        <description>VideoWindow</description>
        <width>1920</width>
        <height>1080</height>
      </control>
      <control type="image">
        <width>1920</width>
        <height>1080</height>
        <texture>Background.png</texture>
      </control>
      <control type="image" id="33009">     
        <description>Optional Channel Focus Highlight</description>
        <visible>false</visible>
      </control> 
      <control type="image" id="33010">     
        <description>Optional Channel Playing Highlight</description>
        <visible>false</visible>
      </control>
      <control type="group">
        <width>1920</width>
        <height>75</height>
        <orientation>horizontal</orientation>
        <description>Logo and Date</description>
        <control type="label" id="33005">
          <description>Current Date</description>
          <posx>1883</posx>
          <width min="0" max="1807">auto</width>
          <height>75</height>
          <align>right</align>
          <aligny>center</aligny>
          <font>font12</font>
          <textcolor>FFFFFFFF</textcolor>
        </control>
      </control>
      <control type="label" id="33007">
        <description>Timebar Current Time Button</description>
        <posx>-500</posx>
        <posy>-500</posy>
        <width min="0" max="0">auto</width>
        <height>38</height>
        <fadetime>250</fadetime>
        <textcolor>FF8C8C8C</textcolor>
        <font>font12</font>
        <align>center</align>
        <aligny>center</aligny>
      </control>
      <control type="grouplist">
        <description>Time Bar</description>
        <posx>155</posx>
        <posy>75</posy>
        <width>1770</width>
        <height>31</height>
        <itemgap>13</itemgap>
        <orientation>horizontal</orientation>
        <control type="label" id="33101">
          <description>Time Label 1</description>
          <width min="348" max="348">auto</width>
          <height>31</height>
          <font>font10</font>
          <align>left</align>
          <aligny>center</aligny>
          <textcolor>FF999999</textcolor>
        </control>
        <control type="label" id="33102">
          <description>Time Label 2</description>
          <width min="348" max="348">auto</width>
          <height>31</height>
          <font>font10</font>
          <align>left</align>
          <aligny>center</aligny>
          <textcolor>FF999999</textcolor>
        </control>
        <control type="label" id="33103">
          <description>Time Label 3</description>
          <width min="348" max="348">auto</width>
          <height>31</height>
          <font>font10</font>
          <align>left</align>
          <aligny>center</aligny>
          <textcolor>FF999999</textcolor>
        </control> 
        <control type="label" id="33104">
          <description>Time Label 4</description>
          <width min="348" max="348">auto</width>
          <height>31</height>
          <font>font10</font>
          <align>left</align>
          <aligny>center</aligny>
          <textcolor>FF999999</textcolor>
        </control>
        <control type="label" id="33105">
          <description>Time Label 5</description>
          <width min="348" max="348">auto</width>
          <height>31</height>
          <font>font10</font>
          <align>left</align>
          <aligny>center</aligny>
          <textcolor>FF999999</textcolor>
        </control>
      </control>
      <control type="group">
        <description>Channel Guide</description>
        <posy>106</posy>
        <control type="grouplist">
          <description>Channel Icons</description>
          <width>148</width>
          <orientation>vertical</orientation>
          <animation effect="fade" start="60" end="60" condition="True">Conditional</animation>
          <control type="group">
            <description>Channel 1 Icon</description>
            <width>148</width>
            <height>78</height>
            <align>center</align>
            <aligny>center</aligny>
            <control type="image" id="33411">
              <posy>14</posy>
              <height>50</height>
              <aspectratio>keep</aspectratio>
            </control>
          </control>
          <control type="group">
            <description>Channel 2 Icon</description>
            <width>148</width>
            <height>78</height>
            <align>center</align>
            <aligny>center</aligny>
            <control type="image" id="33412">
              <posy>14</posy>
              <height>50</height>
              <aspectratio>keep</aspectratio>
            </control>
          </control>
          <control type="group">
            <description>Channel 3 Icon</description>
            <width>148</width>
            <height>78</height>
            <align>center</align>
            <aligny>center</aligny>
            <control type="image" id="33413">
              <posy>14</posy>
              <height>50</height>
              <aspectratio>keep</aspectratio>
            </control>
          </control>
          <control type="group">
            <description>Channel 4 Icon</description>
            <width>148</width>
            <height>78</height>
            <align>center</align>
            <aligny>center</aligny>
            <control type="image" id="33414">
              <posy>14</posy>
              <height>50</height>
              <aspectratio>keep</aspectratio>
            </control>
          </control>
          <control type="group">
            <description>Channel 5 Icon</description>
            <width>148</width>
            <height>78</height>
            <align>center</align>
            <aligny>center</aligny>
            <control type="image" id="33415">
              <posy>14</posy>
              <height>50</height>
              <aspectratio>keep</aspectratio>
            </control>
          </control>
          <control type="group">
            <description>Channel 6 Icon</description>
            <width>148</width>
            <height>78</height>
            <align>center</align>
            <aligny>center</aligny>
            <control type="image" id="33416">
              <posy>14</posy>
              <height>50</height>
              <aspectratio>keep</aspectratio>
            </control>
          </control>
        </control>
        <control type="grouplist">
          <description>Channel Names</description>
          <control type="label" id="33511">
            <description>Channel 1 Name</description>
            <visible>false</visible>
          </control>
          <control type="label" id="33512">
            <description>Channel 2 Name</description>
            <visible>false</visible>
          </control>
          <control type="label" id="33513">
            <description>Channel 3 Name</description>
            <visible>false</visible>
          </control>
          <control type="label" id="33514">
            <description>Channel 4 Name</description>
            <visible>false</visible>
          </control>
          <control type="label" id="33515">
            <description>Channel 5 Name</description>
            <visible>false</visible>
          </control>
          <control type="label" id="33516">
            <description>Channel 6 Name</description>
            <visible>false</visible>
          </control>
        </control>
        <control type="grouplist">
          <description>Channel Numbers</description>
          <control type="label" id="33111">
            <description>Channel 1 Number</description>
            <visible>false</visible>
          </control>
          <control type="label" id="33112">
            <description>Channel 2 Number</description>
            <visible>false</visible>
          </control>
          <control type="label" id="33113">
            <description>Channel 3 Number</description>
            <visible>false</visible>
          </control>
          <control type="label" id="33114">
            <description>Channel 4 Number</description>
            <visible>false</visible>
          </control>
          <control type="label" id="33115">
            <description>Channel 5 Number</description>
            <visible>false</visible>
          </control>
          <control type="label" id="33116">
            <description>Channel 6 Number</description>
            <visible>false</visible>
          </control>
        </control>
        <control type="group" id="33611">
          <posx>150</posx>
          <posy>106</posy>
          <width>1770</width>
          <height>76</height>
        </control>
        <control type="group" id="33612">
          <posx>150</posx>
          <posy>184</posy>
          <width>1770</width>
          <height>76</height>
        </control>
        <control type="group" id="33613">
          <posx>150</posx>
          <posy>262</posy>
          <width>1770</width>
          <height>76</height>
        </control>
        <control type="group" id="33614">
          <posx>150</posx>
          <posy>340</posy>
          <width>1770</width>
          <height>76</height>
        </control>
        <control type="group" id="33615">
          <posx>150</posx>
          <posy>418</posy>
          <width>1770</width>
          <height>76</height>
        </control>
        <control type="group" id="33616">
          <posx>150</posx>
          <posy>495</posy>
          <width>1770</width>
          <height>76</height>
        </control>
      </control>
      <control type="image" id="33011"> 
          <description>Timebar Optional past fade</description>
          <posx>150</posx>
          <posy>104</posy>
          <width>-1</width>
          <height>5</height>
          <aspectratio>scale</aspectratio>
      </control>  
      <control type="image" id="33012"> 
          <description>Timebar Optional future fade</description>
          <posx>150</posx>
          <posy>104</posy>
          <width>-1</width>
          <height>5</height>
          <aspectratio>scale</aspectratio>
      </control>
      <control type="image" id="33013">
          <description>Timebar line</description>
          <posx>150</posx>
          <posy>102</posy>
          <width>10</width>
          <height>10</height>
          <aspectratio>scale</aspectratio>
      </control> 
      <control type="fixedlist" id="40000">
          <itemlayout width="0" height="0">
          </itemlayout>
          <focusedlayout height="0" width="0">
          </focusedlayout>
      </control>
      <control type="fixedlist" id="40001">
          <itemlayout width="0" height="0">
          </itemlayout>
          <focusedlayout height="0" width="0">
          </focusedlayout>
      </control>
      <control type="group">
          <posx>265</posx>
          <posy>1015</posy>
          <control type="label">
              <description>Show Info</description>
              <posx>5</posx>
              <posy>10</posy>
              <width>1468</width>
              <height>40</height>
              <font>font12</font>
              <textcolor>FF8C8C8C</textcolor>
              <shadowcolor>ff000000</shadowcolor>
              <aligny>top</aligny>
              <align>left</align>
              <scroll>true</scroll>
              <wrapmultiline>true</wrapmultiline>
              <scrollspeed>50</scrollspeed>
              <scrollsuffix> - </scrollsuffix>
              <label>[COLOR=FF8C8C8C][B]$INFO[Window(10000).Property(Time),,   ][/B][/COLOR]$INFO[Container(40000).ListItem.plot,,      ][COLOR=FF8C8C8C]$INFO[Container(40000).ListItem.genre,Genre: ,][/COLOR]</label>
          </control>
      </control> 
  </controls>
</window>
